0,i11
1,i12
2,i21
3,i22
4,i11
5,i12
6,i21
7,i22
8,i11
9,i12
10,i21
11,i22
12,i11
13,i12
14,i21
15,i22
16,i11
17,i12
18,i21
19,i22
20,i11
21,i12
22,i21
23,i22
24,i11
25,i12
26,i21
27,i22
28,i11
29,i12
30,i21
31,i22
32,i11
33,i12
34,i21
35,i22
36,i11
37,i12
38,i21
39,i22
40,i11
41,i12
42,i21
43,i22
44,i11
45,i12
46,i21
47,i22
48,i11
49,i12
50,i21
51,i22
52,i11
53,i12
54,i21
55,i22
56,i11
57,i12
58,i21
59,i22
60,i11
61,i12
62,i21
63,i22
64,i11
65,i12
66,i21
67,i22
68,i11
69,i12
70,i21
71,i22
72,i11
73,i12
74,i21
75,i22
76,i11
77,i12
78,i21
79,i22
80,i11
81,i12
82,i21
83,i22
84,i11
85,i12
86,i21
87,i22
88,i11
89,i12
90,i21
91,i22
92,i11
93,i12
94,i21
95,i22
96,i11
97,i12
98,i21
99,i22
100,i11
101,i12
102,i21
103,i22
104,i11
105,i12
106,i21
107,i22
108,i11
109,i12
110,i21
111,i22
112,i11
113,i12
114,i21
115,i22
116,i11
117,i12
118,i21
119,i22
120,i11
121,i12
122,i21
123,i22
124,i11
125,i12
126,i21
127,i22
128,i11
129,i12
130,i21
131,i22
132,i11
133,i12
134,i21
135,i22
136,i11
137,i12
138,i21
139,i22
140,i11
141,i12
142,i21
143,i22
144,i11
145,i12
146,i21
147,i22
148,i11
149,i12
150,i21
151,i22
152,i11
153,i12
154,i21
155,i22
156,i11
157,i12
158,i21
159,i22
160,i11
161,i12
162,i21
163,i22
164,i11
165,i12
166,i21
167,i22
168,i11
169,i12
170,i21
171,i22
172,i11
173,i12
174,i21
175,i22
176,i11
177,i12
178,i21
179,i22
180,i11
181,i12
182,i21
183,i22
184,i11
185,i12
186,i21
187,i22
188,i11
189,i12
190,i21
191,i22
192,i11
193,i12
194,i21
195,i22
196,i11
197,i12
198,i21
199,i22
200,i11
201,i12
202,i21
203,i22
204,i11
205,i12
206,i21
207,i22
208,i11
209,i12
210,i21
211,i22
212,i11
213,i12
214,i21
215,i22
216,i11
217,i12
218,i21
219,i22
220,i11
221,i12
222,i21
223,i22
224,i11
225,i12
226,i21
227,i22
228,i11
229,i12
230,i21
231,i22
232,i11
233,i12
234,i21
235,i22
236,i11
237,i12
238,i21
239,i22
240,i11
241,i12
242,i21
243,i22
244,i11
245,i12
246,i21
247,i22
248,i11
249,i12
250,i21
251,i22
252,i11
253,i12
254,i21
255,i22
256,i11
257,i12
258,i21
259,i22
260,i11
261,i12
262,i21
263,i22
264,i11
265,i12
266,i21
267,i22
268,i11
269,i12
270,i21
271,i22
272,i11
273,i12
274,i21
275,i22
276,i11
277,i12
278,i21
279,i22
280,i11
281,i12
282,i21
283,i22
284,i11
285,i12
286,i21
287,i22
288,i11
289,i12
290,i21
291,i22
292,i11
293,i12
294,i21
295,i22
296,i11
297,i12
298,i21
299,i22
300,i11
301,i12
302,i21
303,i22
304,i11
305,i12
306,i21
307,i22
308,i11
309,i12
310,i21
311,i22
312,i11
313,i12
314,i21
315,i22
316,i11
317,i12
318,i21
319,i22
320,i11
321,i12
322,i21
323,i22
324,i11
325,i12
326,i21
327,i22
328,i11
329,i12
330,i21
331,i22
332,i11
333,i12
334,i21
335,i22
336,i11
337,i12
338,i21
339,i22
340,i11
341,i12
342,i21
343,i22
344,i11
345,i12
346,i21
347,i22
348,i11
349,i12
350,i21
351,i22
352,i11
353,i12
354,i21
355,i22
356,i11
357,i12
358,i21
359,i22
360,i11
361,i12
362,i21
363,i22
364,i11
365,i12
366,i21
367,i22
368,i11
369,i12
370,i21
371,i22
372,i11
373,i12
374,i21
375,i22
376,i11
377,i12
378,i21
379,i22
380,i11
381,i12
382,i21
383,i22
384,i11
385,i12
386,i21
387,i22
388,i11
389,i12
390,i21
391,i22
392,i11
393,i12
394,i21
395,i22
396,i11
397,i12
398,i21
399,i22
400,i11
401,i12
402,i21
403,i22
404,i11
405,i12
406,i21
407,i22
408,i11
409,i12
410,i21
411,i22
